date;brent;HSFO
1-Nov-11;106.66;102.66
2-Nov-11;110.835;103.0569231
3-Nov-11;110.94;103.6246154
4-Nov-11;112.195;105.0246154
7-Nov-11;115.155;102.7061538
8-Nov-11;115.8;103.38
9-Nov-11;115.23;101.7584615
10-Nov-11;113.43;102.9307692
11-Nov-11;114.345;103.8138462
14-Nov-11;112.76;105.1061538
15-Nov-11;111.975;104.6661538
16-Nov-11;112.335;106.1907692
17-Nov-11;109.17;103.7938462
18-Nov-11;107.785;103.3476923
21-Nov-11;106.02;105.8138462
22-Nov-11;107.72;105.2553846
23-Nov-11;106.65;107.1015385
24-Nov-11;107.355;110.2353846
25-Nov-11;106.715;110.0876923
28-Nov-11;109.215;108.6
29-Nov-11;111.215;110.1292308
30-Nov-11;111.02;110.5061538
1-Dec-11;108.94;109.5369231
2-Dec-11;109.36;109.0861538
5-Dec-11;111.165;107.4630769
6-Dec-11;110.155;104.7615385
7-Dec-11;109.935;102.0353846
8-Dec-11;108.165;102.2230769
9-Dec-11;107.705;103.9584615
12-Dec-11;107.715;103.5769231
13-Dec-11;108.835;103.4923077
14-Dec-11;105.985;103.6369231
15-Dec-11;105.055;105.0846154
16-Dec-11;104.575;105.8384615
19-Dec-11;104.935;106.1861538
20-Dec-11;107.855;105.9907692
21-Dec-11;108.31;105.96
22-Dec-11;108.99;105.02
23-Dec-11;108.375;105.72
28-Dec-11;107.425;105.3107692
29-Dec-11;106.68;101.98
30-Dec-11;106.51;101.9538462
3-Jan-12;111.145;101.8292308
4-Jan-12;113.18;102.8230769
5-Jan-12;113.805;100.2830769
6-Jan-12;111.58;99.02923077
9-Jan-12;110.84;98.40615385
10-Jan-12;112.665;101.2276923
11-Jan-12;112.065;102.9338462
12-Jan-12;112.935;103.1153846
13-Jan-12;109.885;103.36
16-Jan-12;110.285;103.2076923
17-Jan-12;109.965;103.4569231
18-Jan-12;109.495;103.6692308
19-Jan-12;109.395;104.8923077
20-Jan-12;108.3;106.4307692
23-Jan-12;109.365;110.1430769
24-Jan-12;108.545;111.0061538
25-Jan-12;108.545;109.82
26-Jan-12;109.39;109.8230769
27-Jan-12;110.39;110.9153846
30-Jan-12;110.135;112.8630769
31-Jan-12;110.265;112.6353846
1-Feb-12;111.93;112.2030769
2-Feb-12;111.51;111.1753846
3-Feb-12;112.215;111.9984615
6-Feb-12;115.8;112.5615385
7-Feb-12;116.675;111.9815385
8-Feb-12;116.72;112.1861538
9-Feb-12;118.7;111.0323077
10-Feb-12;118.12;111.8815385
13-Feb-12;119.35;111.74
14-Feb-12;118.775;110.7861538
15-Feb-12;120.935;110.8723077
16-Feb-12;121.135;110.3261538
17-Feb-12;120.31;110.4338462
20-Feb-12;121.55;108.44
21-Feb-12;121.42;110.6046154
22-Feb-12;124.01;111.28
23-Feb-12;124.29;111.9076923
24-Feb-12;124.99;113.4492308
27-Feb-12;125.115;113.8446154
28-Feb-12;124.36;113.5353846
29-Feb-12;122.725;111.8507692
1-Mar-12;126.39;112.3030769
2-Mar-12;126.43;112.3230769
5-Mar-12;126.47;113.4630769
6-Mar-12;124.645;112.9830769
7-Mar-12;124.86;112.1092308
8-Mar-12;128.17;114.08
9-Mar-12;127.54;114.6476923
12-Mar-12;126.825;115.4538462
13-Mar-12;127.62;115.6261538
14-Mar-12;126.615;114.1092308
15-Mar-12;123.825;112.6246154
16-Mar-12;125.06;113.2769231
19-Mar-12;125.69;116.1784615
20-Mar-12;123.895;115.22
21-Mar-12;123.7;115.7215385
22-Mar-12;122.56;114.1784615
23-Mar-12;124.985;115.0184615
26-Mar-12;125.85;113.4938462
27-Mar-12;125.08;113.7415385
28-Mar-12;124.455;115.6415385
29-Mar-12;123.195;115.9323077
30-Mar-12;123.46;115.2876923
2-Apr-12;124.64;115.4184615
3-Apr-12;125.615;116.2184615
4-Apr-12;122.935;115.8307692
5-Apr-12;123.01;115.5230769
10-Apr-12;121.27;114.8553846
11-Apr-12;120.07;114.9938462
12-Apr-12;120.43;115.4061538
13-Apr-12;120.425;116.2953846
16-Apr-12;117.8;115.3830769
17-Apr-12;117.2;115.3984615
18-Apr-12;115.12;114.0830769
19-Apr-12;117.18;114.2015385
20-Apr-12;117.79;115.2615385
23-Apr-12;116.275;114.6092308
24-Apr-12;117.445;114.2353846
25-Apr-12;117.375;113.52
26-Apr-12;119.27;113.2015385
27-Apr-12;118.785;111.5584615
30-Apr-12;118.5;112.3861538
1-May-12;119.185;112.9569231
2-May-12;117.53;111.4569231
3-May-12;115.925;110.7123077
4-May-12;111.83;110.9076923
8-May-12;110.835;111.3046154
9-May-12;112.18;111.0615385
10-May-12;112.73;110.6353846
11-May-12;112.63;111.3615385
14-May-12;110.755;111.6138462
15-May-12;111.2;111.8138462
16-May-12;111.065;112.0892308
17-May-12;109.23;111.86
18-May-12;108.21;112.4753846
21-May-12;108.905;110.48
22-May-12;109.945;108.3446154
23-May-12;106.845;105.6738462
24-May-12;107.4;105.68
25-May-12;107.73;105.2153846
28-May-12;107.68;104.8492308
29-May-12;107.345;103.5969231
30-May-12;103.535;102.8369231
31-May-12;101.655;104.2661538
1-Jun-12;98.46;103.8492308
6-Jun-12;101.205;103.6323077
7-Jun-12;99.93;100.86
8-Jun-12;97.355;101.68
11-Jun-12;97.98;102.2446154
12-Jun-12;96.285;101.7153846
13-Jun-12;97.32;100.1369231
14-Jun-12;96.62;102.2569231
15-Jun-12;97.01;101.9307692
18-Jun-12;95.27;101.7907692
19-Jun-12;95.19;100.4615385
20-Jun-12;93.53;98.52769231
21-Jun-12;89.165;95.64923077
22-Jun-12;89.365;91.21230769
25-Jun-12;88.62;91.48
26-Jun-12;90.285;92.79384615
27-Jun-12;92.43;93.45076923
28-Jun-12;91.455;91.64769231
29-Jun-12;94.495;94.96307692
2-Jul-12;95.505;93.11230769
3-Jul-12;100.42;94.16461538
4-Jul-12;99.56;93.87076923
5-Jul-12;101.805;95.48
6-Jul-12;98.51;94.44
9-Jul-12;99.96;90.93538462
10-Jul-12;99.13;92.13384615
11-Jul-12;99.165;89.98
12-Jul-12;99.57;87.92461538
13-Jul-12;102.4;88.33538462
16-Jul-12;103.51;89.09692308
17-Jul-12;104.035;88.98461538
18-Jul-12;105.765;89.83384615
19-Jul-12;107.81;89.68461538
20-Jul-12;106.815;91.75692308
23-Jul-12;103.85;92.49846154
24-Jul-12;103.51;94.14615385
25-Jul-12;102.45;95.32923077
26-Jul-12;104.975;94.39846154
27-Jul-12;106.11;92.81076923
30-Jul-12;106.305;92.39384615
31-Jul-12;105.765;92.59384615
1-Aug-12;106.8;93.24923077
2-Aug-12;107.645;94.68461538
3-Aug-12;109.765;94.74153846
6-Aug-12;109.85;96.87538462
7-Aug-12;112.58;96.97384615
8-Aug-12;113.81;98.76461538
9-Aug-12;113.55;99.94307692
10-Aug-12;112.965;96.40769231
13-Aug-12;113.885;96.35846154
14-Aug-12;113.765;96.31384615
15-Aug-12;115.285;97.23384615
16-Aug-12;115.995;98.60307692
17-Aug-12;115.225;98.86923077
20-Aug-12;115.12;98.81538462
21-Aug-12;116.07;98.51384615
22-Aug-12;115.86;98.63538462
23-Aug-12;117.53;98.74307692
24-Aug-12;115.975;100.0938462
28-Aug-12;112.595;101.58
29-Aug-12;112.575;102.1907692
30-Aug-12;112.81;102.6769231
31-Aug-12;114.4;102.8415385
3-Sep-12;115.335;103.6430769
4-Sep-12;114.64;103.6015385
5-Sep-12;113.18;105.3476923
6-Sep-12;114.35;105.0492308
7-Sep-12;113.725;105.0276923
10-Sep-12;114.04;105.2523077
11-Sep-12;114.73;107.1830769
12-Sep-12;115.43;105.8292308
13-Sep-12;115.95;106.4953846
14-Sep-12;117.15;105.4276923
17-Sep-12;116.49;104.7169231
18-Sep-12;113.125;105.9738462
19-Sep-12;108.415;105.8184615
20-Sep-12;108.995;107.0661538
21-Sep-12;111.19;108.4507692
24-Sep-12;108.88;106.2553846
25-Sep-12;110.46;106.7630769
26-Sep-12;108.83;106.5323077
27-Sep-12;111.3;107.1430769
28-Sep-12;111.03;107.3169231
1-Oct-12;112.28;107.8092308
2-Oct-12;112.375;107.5553846
3-Oct-12;109.325;109.3076923
4-Oct-12;110.77;108.1830769
5-Oct-12;112.275;105.54
8-Oct-12;112.49;104.5446154
9-Oct-12;114.515;100.3307692
10-Oct-12;115.94;103.0046154
11-Oct-12;116.01;102.7030769
12-Oct-12;115.065;102.6030769
15-Oct-12;114.715;101.44
16-Oct-12;114.805;100.9830769
17-Oct-12;113.605;102.96
18-Oct-12;112.225;102.6492308
19-Oct-12;111.615;102.5861538
22-Oct-12;109.465;101.1353846
23-Oct-12;107.32;99.35538462
24-Oct-12;107.49;101.1676923
25-Oct-12;107.495;98.37384615
26-Oct-12;108.845;98.47538462
29-Oct-12;109.265;101.9415385
30-Oct-12;109.26;102.1446154
31-Oct-12;109.72;101.4953846
1-Nov-12;109.05;101.4353846
2-Nov-12;106.805;101.7676923
5-Nov-12;106.045;100.5876923
6-Nov-12;109.425;100.5384615
7-Nov-12;108.455;100.7723077
8-Nov-12;107.335;99.75076923
9-Nov-12;108.735;99.32923077
12-Nov-12;110.27;98.12153846
13-Nov-12;107.855;98.14153846
14-Nov-12;108.56;97.85384615
15-Nov-12;109.105;96.68769231
16-Nov-12;108.16;96.48923077
19-Nov-12;111.215;95.46
20-Nov-12;109.94;94.70153846
21-Nov-12;110.3;92.01538462
22-Nov-12;110.065;92.82769231
23-Nov-12;110.51;95.64153846
26-Nov-12;109.885;92.99384615
27-Nov-12;109.35;92.13384615
28-Nov-12;108.35;94.06
29-Nov-12;110.375;94.20923077
30-Nov-12;110.6;95.20615385
3-Dec-12;111.335;94.96615385
4-Dec-12;110.105;95.73384615
5-Dec-12;109.36;96.01384615
6-Dec-12;107.39;94.64461538
7-Dec-12;107.175;95.23076923
10-Dec-12;108.21;95.25538462
11-Dec-12;107.605;96.06769231
12-Dec-12;109.79;96.13538462
13-Dec-12;109.525;94.74307692
14-Dec-12;109.155;93.26461538
17-Dec-12;109.645;93.37230769
18-Dec-12;110.21;94.31384615
19-Dec-12;111.1;94.18
20-Dec-12;110.485;94.42
21-Dec-12;108.93;94.09846154
24-Dec-12;108.08;92.81692308
27-Dec-12;109.92;93.11230769
28-Dec-12;109.695;93.48461538
31-Dec-12;109.985;93.84923077
2-Jan-13;113.415;93.98307692
3-Jan-13;113.835;93.72615385
4-Jan-13;112.87;94.21692308
7-Jan-13;112.565;94.08923077
8-Jan-13;113.005;94.44153846
9-Jan-13;112.87;94.67076923
10-Jan-13;113.265;94.40307692
11-Jan-13;110.31;93.96153846
14-Jan-13;111.24;94.08153846
15-Jan-13;111.69;95.44769231
16-Jan-13;110.785;95.26307692
17-Jan-13;111.145;94.24461538
18-Jan-13;111.845;95.11076923
21-Jan-13;112.605;95.81538462
22-Jan-13;113;97.48923077
23-Jan-13;113.74;97.25692308
24-Jan-13;114.465;97.31538462
25-Jan-13;113.83;97.69692308
28-Jan-13;113.665;98.58
29-Jan-13;115.08;98.08307692
30-Jan-13;115.28;97.14
31-Jan-13;115.73;97.53230769
1-Feb-13;116.885;96.32
4-Feb-13;116.445;96.97076923
5-Feb-13;117.005;98.19230769
6-Feb-13;116.82;98.33076923
7-Feb-13;117.3;97.29846154
8-Feb-13;119.025;96.78307692
11-Feb-13;118.485;97.20923077
12-Feb-13;118.005;97.92153846
13-Feb-13;118.465;97.61230769
14-Feb-13;118.325;97.86923077
15-Feb-13;117.47;98.40461538
18-Feb-13;117.51;99.17846154
19-Feb-13;117.18;99.85076923
20-Feb-13;116.145;100.4307692
21-Feb-13;114.435;100.1446154
22-Feb-13;113.74;100.8461538
25-Feb-13;114.835;101.2723077
26-Feb-13;113.11;101.7661538
27-Feb-13;112.405;102.3830769
28-Feb-13;112.055;102.1753846
1-Mar-13;110.225;101.7523077
4-Mar-13;109.855;101.2661538
5-Mar-13;110.495;100.6538462
6-Mar-13;110.405;100.8184615
7-Mar-13;110.55;99.09230769
8-Mar-13;108.965;98.45538462
11-Mar-13;108.855;98.85384615
12-Mar-13;108.66;98.33846154
13-Mar-13;107.43;98.12
14-Mar-13;107.975;97.76153846
15-Mar-13;109.315;96.81692308
18-Mar-13;108.49;96.40307692
19-Mar-13;107.6;97.23076923
20-Mar-13;107.09;99.05230769
21-Mar-13;106.725;98.77384615
22-Mar-13;106.235;98.78923077
25-Mar-13;106.195;98.94153846
26-Mar-13;106.905;99.14153846
27-Mar-13;108.035;98.70153846
28-Mar-13;107.385;98.07230769
2-Apr-13;109.505;99.20153846
3-Apr-13;107.8;98.46615385
4-Apr-13;105.16;98.54153846
5-Apr-13;103.95;97.17384615
8-Apr-13;103.13;97.26153846
9-Apr-13;103.965;96.61538462
10-Apr-13;104.655;96.99692308
11-Apr-13;103.415;96.85230769
12-Apr-13;100.72;97.80923077
15-Apr-13;99.265;98.66461538
16-Apr-13;97.88;98.24307692
17-Apr-13;96.83;99.26769231
18-Apr-13;98.08;98.45384615
19-Apr-13;98.735;95.63230769
22-Apr-13;99.48;95.68769231
23-Apr-13;99.08;95.62923077
24-Apr-13;100.54;95.87538462
25-Apr-13;101.55;96.28
26-Apr-13;102.425;96.18461538
29-Apr-13;102.71;95.31076923
30-Apr-13;101.455;93.77692308
1-May-13;98.41;92.43076923
2-May-13;100.29;93.13846154
3-May-13;104.715;92.16
7-May-13;105.495;92.90461538
8-May-13;103.67;92.11384615
9-May-13;103.47;91.63692308
10-May-13;101.265;92.52153846
13-May-13;102.1;93.38923077
14-May-13;102.64;94.91384615
15-May-13;101.68;95.10769231
16-May-13;104.36;95.61538462
17-May-13;104.1;93.87230769
20-May-13;104.495;95.07538462
21-May-13;103.01;96.80153846
22-May-13;102.25;96.84923077
23-May-13;100.555;96.21076923
24-May-13;101.21;95.74307692
28-May-13;103.9;94.84153846
29-May-13;102.38;93.29846154
30-May-13;101.825;92.63384615
31-May-13;100.41;91.98615385
3-Jun-13;101.605;93.21692308
4-Jun-13;102.2;93.86461538
5-Jun-13;103.66;93.85846154
6-Jun-13;103.295;94.02461538
7-Jun-13;104.03;93.62153846
10-Jun-13;103.325;92.71076923
11-Jun-13;101.515;93.46923077
12-Jun-13;103.14;94.48769231
13-Jun-13;103.38;94.96769231
14-Jun-13;105.58;93.68153846
17-Jun-13;105.7;93.44461538
18-Jun-13;105.085;93.44
19-Jun-13;105.52;94.15538462
20-Jun-13;102.715;95.23076923
21-Jun-13;100.32;95.16153846
24-Jun-13;99.74;95.29692308
25-Jun-13;101.575;95.44461538
26-Jun-13;100.49;95.86
27-Jun-13;102.94;96.31230769
28-Jun-13;102.455;97.07384615
1-Jul-13;103.29;97.56153846
2-Jul-13;104.005;97.68461538
3-Jul-13;106.205;97.70923077
4-Jul-13;105.65;98.30615385
5-Jul-13;107.315;97.07538462
8-Jul-13;108.015;96.75230769
9-Jul-13;107.92;94.52153846
10-Jul-13;108.47;95.98769231
11-Jul-13;108.265;94.43076923
12-Jul-13;108.995;92.78307692
15-Jul-13;109.465;93.16769231
16-Jul-13;109.445;92.84307692
17-Jul-13;109.775;92.59230769
18-Jul-13;109.69;91.76307692
19-Jul-13;109.51;92.79384615
22-Jul-13;109.115;92.46769231
23-Jul-13;109.395;93.42
24-Jul-13;108.31;92.99538462
25-Jul-13;108.34;92.61384615
26-Jul-13;107.88;93.59692308
29-Jul-13;108.405;92.65846154
30-Jul-13;107.63;92.92307692
31-Jul-13;107.825;92.96
1-Aug-13;110.175;93.04
2-Aug-13;109.74;93.94923077
5-Aug-13;110.015;93.86615385
6-Aug-13;108.89;93.71692308
7-Aug-13;108.46;93.50769231
8-Aug-13;107.5;93.99846154
9-Aug-13;108.55;93.24615385
12-Aug-13;109.17;92.84
13-Aug-13;110.655;92.77692308
14-Aug-13;110.655;93.46615385
15-Aug-13;111.85;92.86
16-Aug-13;112.1;92.01076923
19-Aug-13;111.465;92.41076923
20-Aug-13;111.065;92.54615385
21-Aug-13;110.68;92.70923077
22-Aug-13;110.545;91.99384615
23-Aug-13;111.485;91.84461538
27-Aug-13;115.165;93.29846154
28-Aug-13;116.065;92.67076923
29-Aug-13;116.695;93.91384615
30-Aug-13;115.375;93.83846154
2-Sep-13;114.605;94.19076923
3-Sep-13;115.57;93.00153846
4-Sep-13;115.725;92.98153846
5-Sep-13;115.57;93.42
6-Sep-13;117.12;93.49538462
9-Sep-13;115.43;93.05692308
10-Sep-13;112.14;93.27538462
11-Sep-13;112.45;95.18307692
12-Sep-13;113.045;95.79538462
13-Sep-13;113.04;94.60461538
16-Sep-13;111.76;93.69846154
17-Sep-13;110.105;93.59692308
18-Sep-13;109.975;94.58307692
19-Sep-13;110.865;94.26307692
20-Sep-13;110.11;93.80307692
23-Sep-13;108.645;94.01538462
24-Sep-13;107.79;92.78307692
25-Sep-13;109.615;92.42769231
26-Sep-13;108.88;93.20769231
27-Sep-13;109.245;93.77692308
30-Sep-13;108.08;94.14923077
1-Oct-13;107.445;93.66923077
2-Oct-13;109.155;92.86307692
3-Oct-13;109.38;94.52307692
4-Oct-13;109.5;94.41538462
7-Oct-13;109.91;94.19230769
8-Oct-13;110.73;93.84769231
9-Oct-13;109.075;94.55384615
10-Oct-13;111.52;94.08769231
11-Oct-13;110.65;94.99692308
14-Oct-13;110.11;94.58
15-Oct-13;110.17;94.38307692
16-Oct-13;110.725;94.46923077
17-Oct-13;109.49;96.22461538
18-Oct-13;109.51;95.19384615
21-Oct-13;109.49;94.04769231
22-Oct-13;109.09;93.17076923
23-Oct-13;107.75;94.41230769
24-Oct-13;106.66;94.57846154
25-Oct-13;105.83;95.64615385
28-Oct-13;107.89;95.37384615
29-Oct-13;108.05;94.28153846
30-Oct-13;108.41;95.09692308
31-Oct-13;107.465;94.71384615
1-Nov-13;105.75;95.25692308
4-Nov-13;105.02;94.81538462
5-Nov-13;105.165;94.24461538
6-Nov-13;105.505;94.65538462
7-Nov-13;103.185;94.26153846
8-Nov-13;104.25;94.74461538
11-Nov-13;105.61;95.53538462
12-Nov-13;106.21;95.58461538
13-Nov-13;106.895;96.19384615
14-Nov-13;108.285;95.27076923
15-Nov-13;108.225;93.92923077
18-Nov-13;108.635;93.41230769
19-Nov-13;108.245;93.14923077
20-Nov-13;108.36;92.15076923
21-Nov-13;109.875;91.77538462
22-Nov-13;111.435;92.44153846
25-Nov-13;111.08;92.50461538
26-Nov-13;112.105;91.32615385
27-Nov-13;111.31;91.60461538
28-Nov-13;111.275;92.46461538
29-Nov-13;110.865;93.15692308
2-Dec-13;111.62;93.34615385
3-Dec-13;113.165;92.96769231
4-Dec-13;113.37;93.61076923
5-Dec-13;112.19;93.90769231
6-Dec-13;111.76;93.14153846
9-Dec-13;109.95;93.30461538
10-Dec-13;108.955;93.96153846
11-Dec-13;109.415;94.14923077
12-Dec-13;109;93.90461538
13-Dec-13;108.165;93.66307692
16-Dec-13;110.295;93.68769231
17-Dec-13;108.925;93.39846154
18-Dec-13;109.88;94.10923077
19-Dec-13;111.06;93.62923077
20-Dec-13;112.235;94.07384615
23-Dec-13;111.66;93.68615385
24-Dec-13;111.4;94
27-Dec-13;112.43;94.30307692
30-Dec-13;110.48;93.49384615
31-Dec-13;110.28;94.35692308
2-Jan-14;108.02;94.61076923
3-Jan-14;106.605;93.83692308
6-Jan-14;106.57;94.14
7-Jan-14;106.935;94.99846154
8-Jan-14;107.355;95.91230769
9-Jan-14;107.33;95.68769231
10-Jan-14;106.55;95.77076923
13-Jan-14;108.355;95.96461538
14-Jan-14;107.39;96.27538462
15-Jan-14;108.245;95.94153846
16-Jan-14;107.575;95.21230769
17-Jan-14;108.525;94.01384615
20-Jan-14;108.63;93.25230769
21-Jan-14;109.72;93.41692308
22-Jan-14;110.2;93.05692308
23-Jan-14;110.115;93.70153846
24-Jan-14;109.39;94.04769231
27-Jan-14;108.69;93.99076923
28-Jan-14;108.595;94.02
29-Jan-14;108.915;93.65076923
30-Jan-14;109.675;94.32307692
31-Jan-14;108.175;94.62769231
3-Feb-14;106.82;94.16307692
4-Feb-14;107.285;94.34307692
5-Feb-14;107.02;94.72615385
6-Feb-14;108.09;95.04461538
7-Feb-14;109.235;94.46153846
10-Feb-14;110.235;94.4
11-Feb-14;109.405;94.56769231
12-Feb-14;108.9;95.13846154
13-Feb-14;108.885;95.59076923
14-Feb-14;108.595;94.23846154
17-Feb-14;108.995;93.34615385
18-Feb-14;109.975;93.32
19-Feb-14;110.135;92.97076923
20-Feb-14;109.38;93.51230769
21-Feb-14;108.88;94.10461538
24-Feb-14;109.62;93.44461538
25-Feb-14;109.1;94.38153846
26-Feb-14;109.4;94.19384615
27-Feb-14;108.525;94.52461538
28-Feb-14;108.825;94.49692308
3-Mar-14;111.305;94.42769231
4-Mar-14;109.19;95.15692308
5-Mar-14;108.505;95.23538462
6-Mar-14;108.085;95.45384615
7-Mar-14;109.19;94.88153846
10-Mar-14;108.385;94.74769231
11-Mar-14;108.495;94.05230769
12-Mar-14;107.965;93.61692308
13-Mar-14;107.115;93.30307692
14-Mar-14;108.145;95.15538462
17-Mar-14;107.14;93.58923077
18-Mar-14;106.85;92.44769231
19-Mar-14;106.05;92.13692308
20-Mar-14;105.715;92.48923077
21-Mar-14;107.285;92.50307692
24-Mar-14;106.655;92.36615385
25-Mar-14;107.02;92.36461538
26-Mar-14;106.005;93.03692308
27-Mar-14;106.595;93.07538462
28-Mar-14;106.695;93.26923077
31-Mar-14;106.025;92.49076923
1-Apr-14;105.735;92.83384615
2-Apr-14;103.225;92.89230769
3-Apr-14;104.855;93.16307692
4-Apr-14;106.59;92.81076923
7-Apr-14;104.99;92.65076923
8-Apr-14;105.845;92.95538462
9-Apr-14;107.415;92.95846154
10-Apr-14;107.005;93.17230769
11-Apr-14;107.515;92.79692308
14-Apr-14;107.7;91.72923077
15-Apr-14;109.025;91.34461538
16-Apr-14;109.855;90.80769231
17-Apr-14;108.92;91.70307692
22-Apr-14;108.475;90.65692308
23-Apr-14;108.455;90.69230769
24-Apr-14;109.785;91.23076923
25-Apr-14;109.41;91.78923077
28-Apr-14;109.28;91.60615385
29-Apr-14;110;92.42769231
30-Apr-14;108.475;92.23846154
1-May-14;108.305;92.19230769
2-May-14;109.645;91.49692308
6-May-14;108.45;91.63076923
7-May-14;108.28;92.60461538
8-May-14;108.375;92.49076923
9-May-14;108.28;92.31230769
12-May-14;108.115;92.40461538
13-May-14;108.885;92.33538462
14-May-14;109.86;91.55384615
15-May-14;109.81;91.44307692
16-May-14;111.24;90.73538462
19-May-14;110.66;90.95538462
20-May-14;110.36;91.12923077
21-May-14;111.21;91.60615385
22-May-14;111.3;92.10615385
23-May-14;110.76;92.34615385
27-May-14;110.095;91.99076923
28-May-14;109.405;92.75076923
29-May-14;110.15;92.46923077
30-May-14;109.095;93.07230769
2-Jun-14;109.09;93.88923077
3-Jun-14;108.785;93.53692308
4-Jun-14;109.185;93.78923077
5-Jun-14;108.335;94.81076923
6-Jun-14;108.81;95
9-Jun-14;110.255;94.79230769
10-Jun-14;109.075;94.70923077
11-Jun-14;109.77;94.15846154
12-Jun-14;112.16;94.31230769
13-Jun-14;112.845;94.24307692
16-Jun-14;113.25;94.77846154
17-Jun-14;113.935;94.42
18-Jun-14;114.26;94.39384615
19-Jun-14;115.315;93.30307692
20-Jun-14;114.52;93.74461538
23-Jun-14;113.135;93.46615385
24-Jun-14;113.74;93.75692308
25-Jun-14;112.755;93.94769231
26-Jun-14;112.41;94.55692308
27-Jun-14;112.085;96.04
30-Jun-14;111.02;95.40307692
1-Jul-14;110.46;95.07846154
2-Jul-14;109.925;96.01230769
3-Jul-14;109.04;96.33692308
4-Jul-14;109.035;96.56307692
7-Jul-14;108.94;96.85846154
8-Jul-14;107.71;96.01076923
9-Jul-14;107.065;96.00923077
10-Jul-14;105.885;95.84
11-Jul-14;105.3;95.40769231
14-Jul-14;104.69;95.19230769
15-Jul-14;103.105;94.92461538
16-Jul-14;105.415;94.32461538
17-Jul-14;105.915;93.21076923
18-Jul-14;106.34;93.42
21-Jul-14;105.25;92.90923077
22-Jul-14;106.085;92.31846154
23-Jul-14;106.75;91.95230769
24-Jul-14;105.88;92.13384615
25-Jul-14;106.52;92.47538462
28-Jul-14;106.24;91.74615385
29-Jul-14;106.54;91.70461538
30-Jul-14;106.1;91.84307692
31-Jul-14;104.425;92.00461538
1-Aug-14;103.04;92.43692308
4-Aug-14;103.52;91.42461538
5-Aug-14;102.795;92.02923077
6-Aug-14;103.565;91.38153846
7-Aug-14;103.46;91.98
8-Aug-14;103.315;91.98769231
11-Aug-14;103.535;92.40461538
12-Aug-14;101.725;92.70153846
13-Aug-14;101.855;92.58769231
14-Aug-14;100.445;92.81846154
15-Aug-14;100.775;92.68153846
18-Aug-14;98.615;92.17384615
19-Aug-14;99.69;92.04153846
20-Aug-14;100.165;92.00153846
21-Aug-14;100.63;92.68923077
22-Aug-14;100.635;91.12461538
26-Aug-14;101.22;90.77230769
27-Aug-14;100.835;90.24769231
28-Aug-14;101.01;91.40153846
29-Aug-14;101.315;90.50461538
1-Sep-14;101.43;90.72307692
2-Sep-14;100.145;90.54769231
3-Sep-14;100.925;90.92307692
4-Sep-14;101.195;90.66307692
5-Sep-14;99.605;91.12307692
8-Sep-14;98.38;90.65846154
9-Sep-14;98.43;91.13692308
10-Sep-14;96.45;91.86769231
11-Sep-14;96.435;92.11076923
12-Sep-14;96.29;92.00153846
15-Sep-14;96.36;92.09846154
16-Sep-14;97.495;90.98923077
17-Sep-14;97.73;90.15384615
18-Sep-14;96.745;90.76615385
19-Sep-14;96.645;90.82307692
22-Sep-14;95.315;89.73692308
23-Sep-14;95.065;89.90307692
24-Sep-14;94.585;89.76923077
25-Sep-14;95.465;89.48615385
26-Sep-14;95.25;89.40769231
29-Sep-14;95.8;87.84461538
30-Sep-14;94.8;87.57846154
1-Oct-14;94.605;88.33692308
2-Oct-14;91.165;88.37846154
3-Oct-14;90.63;87.41692308
6-Oct-14;90.63;87.58
7-Oct-14;90.64;87.68615385
8-Oct-14;90.27;87.46769231
9-Oct-14;90.5;87.65076923
10-Oct-14;88.805;87.36461538
13-Oct-14;87.835;86.86307692
14-Oct-14;86.465;87.65384615
15-Oct-14;84.235;86.10461538
16-Oct-14;83.415;85.29384615
17-Oct-14;85.085;85.12307692
20-Oct-14;84.465;82.93538462
21-Oct-14;85.36;81.25230769
22-Oct-14;86.535;81.14307692
23-Oct-14;85.955;78.31076923
24-Oct-14;85.93;77.46307692
27-Oct-14;85.245;77.54307692
28-Oct-14;85.69;72.48615385
29-Oct-14;86.805;71.84307692
30-Oct-14;85.71;74.40923077
31-Oct-14;84.285;74.55692308
3-Nov-14;84.835;73.98153846
4-Nov-14;82.3;73.17384615
5-Nov-14;83;73.92307692
6-Nov-14;82.08;74.21384615
7-Nov-14;83.225;74.45230769
10-Nov-14;82.555;75.15692308
11-Nov-14;80.24;75.13076923
12-Nov-14;80.355;74.74769231
13-Nov-14;77.8;73.96153846
14-Nov-14;76.75;72.13538462
17-Nov-14;76.955;71.41384615
18-Nov-14;77.405;71.39230769
19-Nov-14;77.325;71.85230769
20-Nov-14;77.335;73.50615385
21-Nov-14;78.985;72.69076923
24-Nov-14;79.34;72.25076923
25-Nov-14;77.55;71.71846154
26-Nov-14;77.48;68.25230769
27-Nov-14;70.69;68.03538462
28-Nov-14;71.67;68.91230769
1-Dec-14;70.945;68.37384615
2-Dec-14;71.175;68.77846154
3-Dec-14;70.175;69.76153846
4-Dec-14;68.55;70.89538462
5-Dec-14;67.965;69.59538462
8-Dec-14;65.7;68.36769231
9-Dec-14;66.1;66.55384615
10-Dec-14;63.17;63.67230769
11-Dec-14;63.625;62.01538462
12-Dec-14;61.625;64.27692308
15-Dec-14;61;62.67384615
16-Dec-14;60.41;61.26769231
17-Dec-14;59.955;60.17846154
18-Dec-14;58.9;58.99230769
19-Dec-14;59.19;56.55076923
22-Dec-14;58.52;56.61076923
23-Dec-14;58.995;55.02615385
24-Dec-14;58.57;53.16923077
29-Dec-14;57.68;52.56769231
30-Dec-14;55.83;49.78461538
31-Dec-14;54.975;48.91846154
2-Jan-15;54.98;50.29076923
5-Jan-15;51.3;49.20307692
6-Jan-15;50.075;52.54923077
7-Jan-15;49.07;50.16923077
8-Jan-15;49.29;51.32615385
9-Jan-15;47.655;50.22769231
12-Jan-15;46.805;47.23538462
13-Jan-15;45.22;47.21846154
14-Jan-15;45.73;48.01230769
15-Jan-15;47.65;45.55076923
16-Jan-15;47.225;42.93538462
19-Jan-15;47.005;40.90307692
20-Jan-15;46.865;42.93846154
21-Jan-15;46.885;43.57076923
22-Jan-15;46.6;41.8
23-Jan-15;46.97;40.48
26-Jan-15;46.3;41.02307692
27-Jan-15;46.855;43.08615385
28-Jan-15;47.64;41.73076923
29-Jan-15;47.06;42.60307692
30-Jan-15;47.855;42.22
2-Feb-15;52.265;42.42307692
3-Feb-15;54.81;42.88307692
4-Feb-15;54.895;44.16461538
5-Feb-15;55.99;43.62307692
6-Feb-15;56.705;42.44153846
9-Feb-15;57.16;43.66461538
10-Feb-15;55.835;43.31230769
11-Feb-15;54;44.05076923
12-Feb-15;56.315;46.20461538
13-Feb-15;60.105;49.74307692
16-Feb-15;61.2;52.23538462
17-Feb-15;60.465;49.64923077
18-Feb-15;60.66;53.18153846
19-Feb-15;58.59;52.40615385
20-Feb-15;60.7;52.96923077
23-Feb-15;59.865;52.66307692
24-Feb-15;60.075;52.98923077
25-Feb-15;59.645;56.50153846
26-Feb-15;61.36;56.05846154
27-Feb-15;61.99;56.25692308
2-Mar-15;61.075;57.64153846
3-Mar-15;61.38;54.05846154
4-Mar-15;59.155;52.49230769
5-Mar-15;60.315;52.56769231
6-Mar-15;59.435;55.46
9-Mar-15;58.465;56.03230769
10-Mar-15;55.83;56.13384615
11-Mar-15;56.505;54.00153846
12-Mar-15;56.565;54.10153846
13-Mar-15;54.405;53.09076923
16-Mar-15;52.045;53.40769231
17-Mar-15;51.64;51.93076923
18-Mar-15;52.65;50.97384615
19-Mar-15;52.935;49.76
20-Mar-15;53.875;51.02
23-Mar-15;53.87;49.62769231
24-Mar-15;53.8;47.26153846
25-Mar-15;54.255;47.07692308
26-Mar-15;57.16;47.10461538
27-Mar-15;56.625;48.15846154
30-Mar-15;54.355;47.45846154
31-Mar-15;53.985;47.78923077
1-Apr-15;55.57;49.10615385
2-Apr-15;54.18;48.62923077
7-Apr-15;57.555;52.43076923
8-Apr-15;56.435;51.24
9-Apr-15;56.06;49.76461538
10-Apr-15;57.045;48.78153846
13-Apr-15;57.13;48.78615385
14-Apr-15;57.54;49.86
15-Apr-15;58.86;49.90153846
16-Apr-15;60.46;50.83076923
17-Apr-15;61.775;51.49230769
20-Apr-15;61.16;50.32615385
21-Apr-15;60.64;50.87230769
22-Apr-15;60.755;53.41230769
23-Apr-15;62.975;52.74923077
24-Apr-15;62.865;53.37538462
27-Apr-15;62.98;54.81076923
28-Apr-15;62.8;55.13846154
29-Apr-15;64.05;55.44461538
30-Apr-15;64.42;55.07846154
1-May-15;64.39;54.18923077
5-May-15;66.115;54.89076923
6-May-15;66.62;56.88461538
7-May-15;64.84;57.05538462
8-May-15;64.025;56.14461538
11-May-15;62.955;56.31692308
12-May-15;65.315;58.25846154
13-May-15;66.65;59.43692308
14-May-15;65.66;59.87846154
15-May-15;65.17;62.29538462
18-May-15;65.22;61.78615385
19-May-15;63.525;60.69538462
20-May-15;63.59;60.80307692
21-May-15;65.65;60.61076923
22-May-15;64.29;61.74307692
26-May-15;62.055;60.59076923
27-May-15;61.755;60.51230769
28-May-15;60.725;60.71076923
29-May-15;63.49;58.08153846
1-Jun-15;62.89;57.59538462
2-Jun-15;63.55;58.59692308
3-Jun-15;62.525;60.63076923
4-Jun-15;60.355;59.77692308
5-Jun-15;60.18;60.01076923
8-Jun-15;61.155;59.84923077
9-Jun-15;63.33;58.47230769
10-Jun-15;63.87;58.23846154
11-Jun-15;63.475;59.65538462
12-Jun-15;63.05;58.30923077
15-Jun-15;61.59;56.14307692
16-Jun-15;61.465;54.49538462
17-Jun-15;61.35;55.21076923
18-Jun-15;61.96;55.41846154
19-Jun-15;60.47;57.29692308
22-Jun-15;60.205;57.74923077
23-Jun-15;61.675;56.48923077
24-Jun-15;61.775;55.60923077
25-Jun-15;60.595;56.20153846
26-Jun-15;60.74;56.10307692
29-Jun-15;59.825;56.40615385
30-Jun-15;61.05;56.01846154
1-Jul-15;61.67;55.12307692
2-Jul-15;61.51;55.23846154
3-Jul-15;59.105;55.54769231
6-Jul-15;57.075;53.38615385
7-Jul-15;54.73;53.68
8-Jul-15;55.705;52.70769231
9-Jul-15;58.025;53.05538462
10-Jul-15;57.455;52.48923077
13-Jul-15;57.56;51.61846154
14-Jul-15;57.345;51.04461538
15-Jul-15;57.59;49.37692308
16-Jul-15;57.355;47.99538462
17-Jul-15;56.475;47.24769231
20-Jul-15;56.41;48.50461538
21-Jul-15;56.05;49.69076923
22-Jul-15;56.545;48.89076923
23-Jul-15;55.965;48.45692308
24-Jul-15;54.575;48.75384615
27-Jul-15;54.13;48.00769231
28-Jul-15;54.425;47.89384615
29-Jul-15;54.38;47.30153846
30-Jul-15;53.715;47.28
31-Jul-15;52.53;46.70307692
3-Aug-15;49.145;46.14307692
4-Aug-15;48.86;45.19230769
5-Aug-15;49.32;43.66307692
6-Aug-15;47.83;43.25692308
7-Aug-15;47.685;44.49846154
10-Aug-15;48.475;43.69692308
11-Aug-15;47.525;42.25230769
12-Aug-15;48.24;41.90461538
13-Aug-15;48.015;42.10461538
14-Aug-15;47.79;41.34769231
17-Aug-15;47.845;41.75230769
18-Aug-15;47.275;40.73230769
19-Aug-15;46.125;41.00153846
20-Aug-15;45.74;39.85230769
21-Aug-15;44.06;39.36923077
24-Aug-15;41.855;38.75538462
25-Aug-15;42.03;38.70923077
26-Aug-15;42.055;36.78461538
27-Aug-15;44.735;35.58461538
28-Aug-15;48.27;32.27538462
1-Sep-15;48.97;31.15384615
2-Sep-15;47.385;30.76
3-Sep-15;50.43;32.40307692
4-Sep-15;48.695;34.9
7-Sep-15;46.605;37.44
8-Sep-15;49.01;40.22615385
9-Sep-15;47.99;37.62615385
10-Sep-15;47.625;39.29230769
11-Sep-15;47.045;38.89230769
14-Sep-15;46.035;37.94615385
15-Sep-15;45.94;36.68
16-Sep-15;48.795;37.35692308
17-Sep-15;48.08;35.34461538
18-Sep-15;46.915;35.81538462
21-Sep-15;47.09;35.25230769
22-Sep-15;46.79;36.05692308
23-Sep-15;48.25;36.66615385
24-Sep-15;47.14;36.42153846
25-Sep-15;47.235;34.87538462
28-Sep-15;46.475;34.69692308
29-Sep-15;47.585;36.44769231
30-Sep-15;47.285;35.98153846
1-Oct-15;47.785;35.98307692
2-Oct-15;46.505;35.08153846
5-Oct-15;49.32;35.57384615
6-Oct-15;51.24;36.44
7-Oct-15;51.45;36.29230769
8-Oct-15;51.91;37.59538462
9-Oct-15;51.87;37.94769231
12-Oct-15;51.08;40.51692308
13-Oct-15;49.32;39.43230769
14-Oct-15;48.305;39.94923077
15-Oct-15;48.035;39.84153846
16-Oct-15;49.125;37.77538462
19-Oct-15;47.33;37.47230769
20-Oct-15;47.185;37.08615385
21-Oct-15;46.975;37.46153846
22-Oct-15;46.585;37.12
23-Oct-15;46.65;36.19076923
26-Oct-15;46.955;36.54
27-Oct-15;45.93;36.62923077
28-Oct-15;48.165;36.46769231
29-Oct-15;48.45;36.41230769
30-Oct-15;48.16;36.22307692
2-Nov-15;47.305;36.31538462
3-Nov-15;47.98;37.50461538
4-Nov-15;47.26;37.28461538
5-Nov-15;47.035;37.87384615
6-Nov-15;46.1;37.41384615
9-Nov-15;45.49;38.30923077
10-Nov-15;45.995;37.48461538
11-Nov-15;44.69;37.15846154
12-Nov-15;43.155;36.91076923
13-Nov-15;42.27;36.36769231
16-Nov-15;40.385;35.20615385
17-Nov-15;41.545;34.51846154
18-Nov-15;41.675;33.99538462
19-Nov-15;42.18;34.27692308
20-Nov-15;42.67;33.46461538
23-Nov-15;44.005;33.89384615
24-Nov-15;44.63;33.37692308
25-Nov-15;43.955;33.10769231
26-Nov-15;43.985;34.5
27-Nov-15;43.845;34.99846154
30-Nov-15;44.02;34.77846154
1-Dec-15;43.245;33.85384615
2-Dec-15;41.71;33.22769231
3-Dec-15;41.885;33.56461538
4-Dec-15;41.785;33.29384615
7-Dec-15;39.76;31.20153846
8-Dec-15;39.62;31.70461538
9-Dec-15;39.105;30.24769231
10-Dec-15;38.61;28.72769231
11-Dec-15;37.125;28.48615385
14-Dec-15;36.8;28.61846154
15-Dec-15;38.02;28.44153846
16-Dec-15;36.935;27.17384615
17-Dec-15;36.65;26.63538462
18-Dec-15;37.28;26.29384615
21-Dec-15;35.76;25.18923077
22-Dec-15;35.635;25.11384615
23-Dec-15;36.445;23.96923077
24-Dec-15;37.075;24.34307692
29-Dec-15;37.135;24.46153846
30-Dec-15;36.09;25.53846154
31-Dec-15;35.74;25.36461538
4-Jan-16;36.53;25.09846154
5-Jan-16;35.525;25.53230769
6-Jan-16;33.82;25.11076923
7-Jan-16;33.655;26.13230769
8-Jan-16;31.695;25.66
11-Jan-16;30.05;25.06615385
12-Jan-16;29.25;23.14461538
13-Jan-16;28.885;24.68615385
14-Jan-16;28.835;23.13384615
15-Jan-16;28.07;22.30615385
18-Jan-16;27.23;21.82
19-Jan-16;28.01;21.10153846
20-Jan-16;25.985;21.88615385
21-Jan-16;27.625;21.25076923
22-Jan-16;30.21;20.93384615
25-Jan-16;29.83;20.41692308
26-Jan-16;30.99;21.49538462
27-Jan-16;31.515;23.40307692
28-Jan-16;33.065;24.42153846
29-Jan-16;33.11;22.39692308
1-Feb-16;32.74;22.81538462
2-Feb-16;31.34;24.27538462
3-Feb-16;32.525;26.25076923
4-Feb-16;33.005;26.28153846
5-Feb-16;32.635;23.94307692
8-Feb-16;32;23.48307692
9-Feb-16;30.27;25.27384615
10-Feb-16;29.49;24.53846154
11-Feb-16;28.66;21.84461538
12-Feb-16;31.575;22.14307692
15-Feb-16;32.68;22.37692308
16-Feb-16;31.375;24.24923077
17-Feb-16;33.715;25.40769231
18-Feb-16;33.57;22.51384615
19-Feb-16;32.14;24.46153846
22-Feb-16;34.35;23.52461538
23-Feb-16;32.385;23.45692308
24-Feb-16;32.31;23.35692308
25-Feb-16;33.37;22.54615385
26-Feb-16;36.125;22.94
29-Feb-16;35.79;23.92461538
1-Mar-16;35.555;23.42461538
2-Mar-16;36.4;24.97538462
3-Mar-16;35.895;24.59230769
4-Mar-16;37.27;23.72461538
7-Mar-16;39.02;24.48307692
8-Mar-16;39.115;25.98
9-Mar-16;39.905;27.20769231
10-Mar-16;38.585;26.99230769
11-Mar-16;39.18;28.66
14-Mar-16;37.89;28.70769231
15-Mar-16;37.42;28.4
16-Mar-16;38.705;26.66615385
17-Mar-16;40.035;26.33692308
18-Mar-16;40.24;28.65692308
21-Mar-16;40.235;28.46615385
22-Mar-16;40.16;28.03692308
23-Mar-16;39.255;28.75538462
24-Mar-16;38.52;28.72923077
29-Mar-16;37.51;28.03230769
30-Mar-16;38.7;28.49384615
31-Mar-16;38.7;27.75538462
1-Apr-16;36.495;27.85692308
4-Apr-16;36.18;26.85384615
5-Apr-16;36.06;27.55538462
6-Apr-16;37.485;26.44769231
7-Apr-16;37.075;25.41230769
8-Apr-16;40.515;25.98615385
11-Apr-16;41.4;27.39230769
12-Apr-16;42.93;27.75230769
13-Apr-16;42.755;29.11076923
14-Apr-16;42.815;29.66307692
15-Apr-16;41.49;29.73692308
18-Apr-16;41.605;29.59846154
19-Apr-16;42.455;29.43384615
20-Apr-16;42.82;27.52769231
21-Apr-16;43.19;29.26923077
22-Apr-16;43.815;29.38769231
25-Apr-16;43.21;31.44615385
26-Apr-16;43.635;31.05538462
27-Apr-16;44.1;31.19538462
28-Apr-16;45.61;31.29230769
29-Apr-16;45.475;33.26615385
3-May-16;43.17;33.62769231
4-May-16;43.055;34.66
5-May-16;44.365;33.13538462
6-May-16;44.62;32.75076923
9-May-16;42.42;33.37846154
10-May-16;44.02;32.25692308
11-May-16;46.06;33.38923077
12-May-16;46.525;31.86153846
13-May-16;47.435;32.79538462
16-May-16;48.6;35.06461538
17-May-16;48.955;34.72615385
18-May-16;49.25;35.61538462
19-May-16;47.49;35.43538462
20-May-16;48.545;34.95076923
23-May-16;47.91;34.31384615
24-May-16;48.48;35.43538462
25-May-16;48.77;35.24307692
26-May-16;49.51;34.56615385
27-May-16;49.075;35.36615385
31-May-16;49.25;35.63692308
1-Jun-16;48.145;34.89230769
2-Jun-16;48.395;35.27692308
3-Jun-16;48.165;35.98
6-Jun-16;49.01;34.89846154
7-Jun-16;49.685;35.53538462
8-Jun-16;50.715;35.94923077
9-Jun-16;50.625;35.95230769
10-Jun-16;49.615;36.38769231
13-Jun-16;49.16;37.61384615
14-Jun-16;47.94;38.19846154
15-Jun-16;47.62;37.78307692
16-Jun-16;45.94;36.89692308
17-Jun-16;46.72;36.05846154
20-Jun-16;48.8;35.99692308
21-Jun-16;48.32;35.35230769
22-Jun-16;48.465;35.3
23-Jun-16;48.89;37.29384615
24-Jun-16;47.48;37.51692308
27-Jun-16;45.87;38.45230769
28-Jun-16;46.58;37.94923077
29-Jun-16;48.885;37.07846154
30-Jun-16;48.44;37.02923077
1-Jul-16;48.06;37.17230769
4-Jul-16;48.01;39.32461538
5-Jul-16;45.81;40.19846154
6-Jul-16;45.455;38.94
7-Jul-16;45.86;39.44
8-Jul-16;44.615;38.09230769
11-Jul-16;44.735;39.16
12-Jul-16;46.09;38.03076923
13-Jul-16;44.78;37.72769231
14-Jul-16;46.11;38.04923077
15-Jul-16;46.55;38.66153846
18-Jul-16;45.71;37.96461538
19-Jul-16;45.75;37.93076923
20-Jul-16;45.98;38.32769231
21-Jul-16;45.585;37.47384615
22-Jul-16;44.14;36.84769231
25-Jul-16;43.765;37.26923077
26-Jul-16;43.63;36.2
27-Jul-16;42.985;36.32307692
28-Jul-16;41.89;35.20307692
29-Jul-16;41.62;35.11692308
1-Aug-16;40.26;34.35230769
2-Aug-16;40.295;33.67384615
3-Aug-16;40.715;34.19384615
4-Aug-16;41.69;32.73230769
5-Aug-16;42.01;32.25384615
8-Aug-16;43.63;33.9
9-Aug-16;43.655;34.63538462
10-Aug-16;42.69;34.88307692
11-Aug-16;44.36;34.73692308
12-Aug-16;45.485;33.96923077
15-Aug-16;47.24;36.02461538
16-Aug-16;48.285;37.21692308
17-Aug-16;48.675;38.29692308
18-Aug-16;49.77;39.00461538
19-Aug-16;49.7;40.00769231
22-Aug-16;48.55;40.68153846
23-Aug-16;49.24;40.54307692
24-Aug-16;48.11;39.07538462
25-Aug-16;49.125;39.36615385
26-Aug-16;49.54;39.06461538
30-Aug-16;47.68;39.86769231
31-Aug-16;46.27;39.73538462
1-Sep-16;44.905;40.64307692
2-Sep-16;45.84;39.72
5-Sep-16;46.785;38.50615385
6-Sep-16;46.205;37.50307692
7-Sep-16;46.8;40.06
8-Sep-16;49.32;39.48
9-Sep-16;48.295;39.34461538
12-Sep-16;47.91;40.17230769
13-Sep-16;46.57;40.73692308
14-Sep-16;45.935;38.98307692
15-Sep-16;46.295;39.25230769
16-Sep-16;45.805;38.19846154
19-Sep-16;46.565;38.87230769
20-Sep-16;45.64;39.16615385
21-Sep-16;46.545;39.24923077
22-Sep-16;47.285;40.10153846
23-Sep-16;46.86;40.39538462
26-Sep-16;46.61;40.36769231
27-Sep-16;44.885;39.40923077
28-Sep-16;45.2;39.74923077
29-Sep-16;48.355;38.97230769
30-Sep-16;48.115;40.74153846
3-Oct-16;48.17;40.50615385
4-Oct-16;49.04;42.02615385
5-Oct-16;49.755;41.01230769
6-Oct-16;50.225;42.56461538
7-Oct-16;50.295;42.61230769
10-Oct-16;51.37;44.34923077
11-Oct-16;50.455;43.46615385
12-Oct-16;49.79;44.57692308
13-Oct-16;49.78;44.37538462
14-Oct-16;49.785;43.52769231
17-Oct-16;49.985;44.60769231
18-Oct-16;50.085;44.12153846
19-Oct-16;51.615;44.17846154
20-Oct-16;50.065;44.92307692
21-Oct-16;50.235;44.98615385
24-Oct-16;49.56;44.44615385
25-Oct-16;49.075;45.11692308
26-Oct-16;48.905;45.11846154
27-Oct-16;49.18;44.35846154
28-Oct-16;48.92;44.18923077
31-Oct-16;46.615;44.06307692
1-Nov-16;45.925;44.01692308
2-Nov-16;44.18;42.96923077
3-Nov-16;43.95;41.56615385
4-Nov-16;43.11;41.68307692
7-Nov-16;43.14;41.73846154
8-Nov-16;43.74;41.67076923
9-Nov-16;43.76;41.67076923
10-Nov-16;43.845;40.98153846
11-Nov-16;42.46;42.09846154
14-Nov-16;41.91;41.01230769
15-Nov-16;44.405;40.41692308
16-Nov-16;45.11;40.49692308
17-Nov-16;44.635;41.98769231
18-Nov-16;44.44;42.13076923
21-Nov-16;47.07;41.79384615
22-Nov-16;47.075;43.65538462
23-Nov-16;47.53;44.84461538
24-Nov-16;47.675;44.89692308
25-Nov-16;46.36;44.36153846
28-Nov-16;47.59;44.61538462
29-Nov-16;45.785;43.37846154
30-Nov-16;49.08;44.55538462
1-Dec-16;52.435;44.11076923
2-Dec-16;52.52;47.66615385
5-Dec-16;53.445;47.69846154
6-Dec-16;52.38;48.71230769
7-Dec-16;51.905;49.66769231
8-Dec-16;51.95;49.13076923
9-Dec-16;52.44;48.38
12-Dec-16;54.275;49.31692308
13-Dec-16;54.08;51.81846154
14-Dec-16;53.645;50.25384615
15-Dec-16;52.185;50.18615385
16-Dec-16;53.93;49.99076923
19-Dec-16;54.11;50.58153846
20-Dec-16;55.055;51.85076923
21-Dec-16;54.125;50.93384615
22-Dec-16;54.19;51.10307692
23-Dec-16;53.64;50.54307692
28-Dec-16;55.405;50.51384615
29-Dec-16;55.265;50.79538462
30-Dec-16;54.94;51.81846154
3-Jan-17;54.855;52.15692308
4-Jan-17;54.48;52.08
5-Jan-17;54.845;51.82615385
6-Jan-17;55.83;51.94307692
9-Jan-17;54.22;52.86307692
10-Jan-17;53.21;53.18
11-Jan-17;53.815;52.57846154
12-Jan-17;54.92;50.90769231
13-Jan-17;54.5;49.16615385
16-Jan-17;54.34;50.99846154
17-Jan-17;54.77;52.35230769
18-Jan-17;54.2;51.79076923
19-Jan-17;53.305;51.42923077
20-Jan-17;54.715;51.38769231
23-Jan-17;54.83;49.91076923
24-Jan-17;55.04;49.02153846
25-Jan-17;54.85;50.16769231
26-Jan-17;55.885;49.95076923
27-Jan-17;54.88;48.83538462
30-Jan-17;54.85;49.65846154
31-Jan-17;55.745;49.72461538
1-Feb-17;55.8;47.82615385
2-Feb-17;56.17;47.87692308
3-Feb-17;56.165;48.75846154
6-Feb-17;55.13;50.11076923
7-Feb-17;54.045;49.87692308
8-Feb-17;54.39;49.20615385
9-Feb-17;54.34;48.56769231
10-Feb-17;55.625;49.14307692
13-Feb-17;54.425;49.36769231
14-Feb-17;55.24;50.51384615
15-Feb-17;54.68;49.52615385
16-Feb-17;54.34;49.75230769
17-Feb-17;54.44;50.49538462
20-Feb-17;55.13;49.51692308
21-Feb-17;56.3;49.69538462
22-Feb-17;55.05;49.81384615
23-Feb-17;56.11;49.35538462
24-Feb-17;55.28;49.70769231
27-Feb-17;55.27;49.68153846
28-Feb-17;54.31;50.78307692
1-Mar-17;55.265;50.50307692
2-Mar-17;54.055;49.90153846
3-Mar-17;54.07;48.78153846
6-Mar-17;54.59;48.57538462
7-Mar-17;54.875;48.26307692
8-Mar-17;53.795;49.16
9-Mar-17;50.76;49.03846154
10-Mar-17;50.675;47.99076923
13-Mar-17;50.15;46.36923077
14-Mar-17;49.205;45.44769231
15-Mar-17;50.46;44.68923077
16-Mar-17;50.48;44.81384615
17-Mar-17;50.71;45.90615385
20-Mar-17;50.86;45.29384615
21-Mar-17;50.18;44.96615385
22-Mar-17;49.59;45.01384615
23-Mar-17;49.925;44.29846154
24-Mar-17;49.95;44.34461538
27-Mar-17;50.045;44.03846154
28-Mar-17;50.785;43.82769231
29-Mar-17;51.4;44.30615385
30-Mar-17;52.235;44.95230769
31-Mar-17;51.915;45.64461538
3-Apr-17;52.075;46.06307692
4-Apr-17;53.205;46.52307692
5-Apr-17;53.475;46.30153846
6-Apr-17;53.63;48.11076923
7-Apr-17;54.12;47.99846154
10-Apr-17;54.975;49.36153846
11-Apr-17;54.665;49.28923077
12-Apr-17;54.845;49.5
13-Apr-17;54.935;49.95692308
18-Apr-17;53.5;49.52461538
19-Apr-17;52.905;49.13692308
20-Apr-17;51.39;48.88461538
21-Apr-17;50.455;49.20153846
24-Apr-17;50.155;47.84307692
25-Apr-17;50.415;47.51076923
26-Apr-17;51.005;47.19846154
27-Apr-17;49.485;46.48461538
28-Apr-17;50.39;46.69384615
2-May-17;49.69;46.20615385
3-May-17;48.865;46.72153846
4-May-17;47.47;46.80461538
5-May-17;47.735;46.35846154
8-May-17;47.065;46.16769231
9-May-17;47.405;44.75692308
10-May-17;48.79;45.63230769
11-May-17;49.73;45.39230769
12-May-17;49.47;46.73692308
15-May-17;51.39;46.68615385
16-May-17;51.17;47.39230769
17-May-17;51.585;47.65076923
18-May-17;51.82;47.27846154
19-May-17;52.79;48.05692308
22-May-17;53.385;48.69230769
23-May-17;53.425;48.73384615
24-May-17;53.525;48.01230769
25-May-17;52.555;49.23692308
26-May-17;51.21;49.74769231
30-May-17;50.615;47.34
31-May-17;49.26;47.17230769
1-Jun-17;50.06;47.05076923
2-Jun-17;48.85;46.65692308
5-Jun-17;48.045;46.79230769
6-Jun-17;48.235;45.93692308
7-Jun-17;47.215;46.64307692
8-Jun-17;46.585;45.74153846
9-Jun-17;46.985;46.09846154
12-Jun-17;47.425;45.51230769
13-Jun-17;46.795;45.30923077
14-Jun-17;45.62;45.31230769
15-Jun-17;45.805;45.67692308
16-Jun-17;46.015;45.47846154
19-Jun-17;46.145;44.57846154
20-Jun-17;44.28;44.75538462
21-Jun-17;44.6;44.97538462
22-Jun-17;44.65;44.93230769
23-Jun-17;44.465;44.14769231
26-Jun-17;44.62;43.62
27-Jun-17;46.175;44.05076923
28-Jun-17;46.465;44.84307692
29-Jun-17;47.075;45.00153846
30-Jun-17;47.39;45.49076923
3-Jul-17;48.95;46.00307692
4-Jul-17;49.285;46.79230769
5-Jul-17;47.625;46.55538462
6-Jul-17;48.6;46.85846154
7-Jul-17;46.525;46.01384615
10-Jul-17;46.78;45.05230769
11-Jul-17;46.525;44.64153846
12-Jul-17;47.005;43.78923077
13-Jul-17;47.895;45.48153846
14-Jul-17;48.03;44.86461538
17-Jul-17;48.005;45.78307692
18-Jul-17;47.79;46.14615385
19-Jul-17;48.605;45.45846154
20-Jul-17;48.68;46.00923077
21-Jul-17;47.91;47.24
24-Jul-17;47.965;46.43384615
25-Jul-17;49.355;45.19384615
26-Jul-17;50.09;45.91230769
27-Jul-17;50.74;47.23230769
28-Jul-17;51.705;47.36769231
31-Jul-17;51.785;47.26923077
1-Aug-17;50.915;48.02769231
2-Aug-17;52.17;48.47692308
3-Aug-17;52.905;46.95230769
4-Aug-17;52.46;47.24769231
7-Aug-17;51.455;46.91846154
8-Aug-17;52.145;47.76
9-Aug-17;51.97;48.35692308
10-Aug-17;52.385;48.32307692
11-Aug-17;51.485;46.68307692
14-Aug-17;51.19;47.21384615
15-Aug-17;49.765;46.35384615
16-Aug-17;50.32;46.80307692
17-Aug-17;50.13;45.86153846
18-Aug-17;50.915;46.58153846
21-Aug-17;51.605;47.64615385
22-Aug-17;51.89;47.00923077
23-Aug-17;52.075;46.7
24-Aug-17;51.91;47.22461538
25-Aug-17;52.075;47.45692308
29-Aug-17;51.75;47.40923077
30-Aug-17;51.865;47.33692308
31-Aug-17;52.735;47.55692308
1-Sep-17;53.015;46.96615385
4-Sep-17;52.66;48.05230769
5-Sep-17;53.835;48.24
6-Sep-17;54.695;49.42
7-Sep-17;53.965;50.51692308
8-Sep-17;54.43;50.09692308
11-Sep-17;53.97;49.28
12-Sep-17;55.03;49.10615385
13-Sep-17;55.86;50.11384615
14-Sep-17;56.735;51.43230769
15-Sep-17;56.595;51.14153846
18-Sep-17;55.365;51.57230769
19-Sep-17;56.075;51.37076923
